worst,avg,best
24.0,27.30666666666667,66.0
24.0,27.704444444444444,65.0
24.0,29.02888888888889,65.0
24.0,29.593333333333334,113.0
19.0,26.23777777777778,161.0
24.0,33.791111111111114,113.0
19.0,37.28,113.0
19.0,54.00222222222222,256.0
25.0,63.82222222222222,303.0
